match_id,group,home_team,away_team,date_utc,venue,round,multiplier,stadium,city,country,altitude_m,avg_june_temp_c,avg_june_humidity_pct,roof_covered,home_is_host,away_is_host,home_fifa_rank,home_fifa_points,home_confederation,home_fifa_rank_date,home_matches_played,home_avg_goals_for,home_avg_goals_against,home_win_rate,home_draw_rate,home_last_match,home_polymarket_win_prob,home_volume,home_liquidity,home_shootouts_played,home_shootouts_won,home_shootout_win_rate,home_wc22_avg_corners,home_wc22_avg_yellows,home_wc22_avg_reds,home_wc22_avg_fouled,home_wc22_avg_possession,home_wc22_avg_shots,home_wc22_avg_offsides,home_wc22_matches,away_fifa_rank,away_fifa_points,away_confederation,away_fifa_rank_date,away_matches_played,away_avg_goals_for,away_avg_goals_against,away_win_rate,away_draw_rate,away_last_match,away_polymarket_win_prob,away_volume,away_liquidity,away_shootouts_played,away_shootouts_won,away_shootout_win_rate,away_wc22_avg_corners,away_wc22_avg_yellows,away_wc22_avg_reds,away_wc22_avg_fouled,away_wc22_avg_possession,away_wc22_avg_shots,away_wc22_avg_offsides,away_wc22_matches,rank_diff,points_diff,pm_prob_diff,form_gf_diff,form_ga_diff,win_rate_diff,expected_corners,expected_yellows,expected_reds,high_altitude,very_high_altitude,h2h_played,h2h_home_gd,h2h_avg_gd
1,A,Mexico,South Africa,2026-06-11 19:00:00+00:00,"Estadio Azteca, Mexico City",Group,1,Estadio Azteca,Mexico City,MX,2240,18,50,0,1,0,15.0,1681.03,CONCACAF,2026-05-26,20,1.2352941176470589,0.9411764705882352,0.45,0.25,2026-06-24,0.0155,38336318.94160245,1782182.26574,5.0,4.0,0.8,5.333333333333333,2.333333333333333,0.0,17.0,0.0,14.0,4.333333333333333,3.0,60.0,1429.73,CAF,2026-05-26,20,2.0,0.9411764705882352,0.5,0.35,2026-06-24,0.0005,35711197.39789426,9990916.18941,21.0,9.0,0.4285714285714285,4.636904761904762,1.8422619047619047,0.0357142857142857,13.630952380952381,0.0,9.866071428571429,2.095238095238095,,45.0,251.29999999999995,0.015,-0.7647058823529411,0.0,-0.04999999999999999,9.970238095238095,4.175595238095237,0.0357142857142857,1,1,2,0.0,0.0
2,A,South Korea,Czechia,2026-06-12 02:00:00+00:00,"Estadio Akron, Guadalajara",Group,1,Estadio Akron,Guadalajara,MX,1560,23,55,0,0,0,25.0,1588.66,AFC,2026-05-26,20,2.0588235294117645,0.7058823529411765,0.5,0.45,2026-06-24,0.0035,41829995.86414369,3812617.92502,5.0,3.0,0.6,6.0,1.5,0.0,11.25,0.0,12.25,1.75,4.0,41.0,1501.38,UEFA,2026-05-26,20,1.8823529411764703,1.2941176470588236,0.4,0.4,2026-06-24,0.0025,19057288.25287604,10595862.57047,2.0,2.0,1.0,5.373809523809523,1.278042328042328,0.022222222222222223,11.536772486772486,0.0,12.646296296296295,2.011904761904762,,16.0,87.27999999999997,0.001,0.17647058823529416,-0.5882352941176471,0.09999999999999998,11.373809523809523,2.778042328042328,0.022222222222222223,1,1,2,1.0,0.5
3,B,Canada,Bosnia and Herzegovina,2026-06-12 19:00:00+00:00,"BMO Field, Toronto",Group,1,BMO Field,Toronto,CA,76,22,64,0,1,0,30.0,1556.48,CONCACAF,2026-05-26,20,1.411764705882353,1.0,0.45,0.3,2026-06-24,0.0035,36654790.66443499,10364880.7603,4.0,1.0,0.25,4.0,2.6666666666666665,0.0,11.0,0.0,11.666666666666666,2.6666666666666665,3.0,65.0,1385.84,UEFA,2026-05-26,20,1.411764705882353,1.6470588235294117,0.25,0.45,2026-06-24,0.0015,20055178.855717912,13354014.37629,4.0,3.0,0.75,5.373809523809523,1.278042328042328,0.022222222222222223,11.536772486772486,0.0,12.646296296296295,2.011904761904762,,35.0,170.6400000000001,0.002,0.0,-0.6470588235294117,0.2,9.373809523809523,3.9447089947089946,0.022222222222222223,0,0,1,-0.0,-0.0
4,D,United States,Paraguay,2026-06-13 01:00:00+00:00,"SoFi Stadium, Los Angeles",Group,1,SoFi Stadium,Los Angeles,US,60,22,70,1,1,0,16.0,1673.13,CONCACAF,2026-05-26,20,1.9411764705882355,0.8823529411764706,0.55,0.15,2026-06-25,0.0115,48756936.61318914,6554576.44212,5.0,3.0,0.6,5.5,1.25,0.0,11.25,0.0,11.5,1.25,4.0,40.0,1503.5,CONMEBOL,2026-05-26,20,0.9411764705882352,0.9411764705882352,0.3,0.45,2026-06-25,0.0025,31576769.992016632,10151251.38702,6.0,4.0,0.6666666666666666,4.826190476190476,1.788095238095238,0.0,13.721428571428572,0.0,13.130952380952381,2.138095238095238,,24.0,169.6300000000001,0.009,1.0000000000000004,-0.05882352941176461,0.25000000000000006,10.326190476190476,3.038095238095238,0.0,0,0,5,2.0,0.4
5,D,Australia,Türkiye,2026-06-13 04:00:00+00:00,"BC Place, Vancouver",Group,1,BC Place,Vancouver,CA,10,18,70,1,0,0,27.0,1580.67,AFC,2026-05-26,20,2.117647058823529,0.5882352941176471,0.5,0.4,2026-06-25,0.0015,42979038.5275678,13133641.93163,4.0,3.0,0.75,2.0,1.75,0.0,13.0,0.0,6.25,0.25,4.0,22.0,1599.04,UEFA,2026-05-26,20,2.0588235294117645,1.2352941176470589,0.55,0.3,2026-06-25,0.0125,31892870.16670712,1461203.79813,1.0,1.0,1.0,5.373809523809523,1.278042328042328,0.022222222222222223,11.536772486772486,0.0,12.646296296296295,2.011904761904762,,-5.0,-18.36999999999989,-0.011000000000000001,0.0588235294117645,-0.6470588235294118,-0.050000000000000044,7.373809523809523,3.028042328042328,0.022222222222222223,0,0,1,0.0,0.0
6,B,Qatar,Switzerland,2026-06-13 19:00:00+00:00,"Levi's Stadium, Santa Clara",Group,1,Levi's Stadium,Santa Clara,US,10,17,75,0,0,0,55.0,1454.96,AFC,2026-05-26,20,1.7058823529411764,1.6470588235294117,0.45,0.3,2026-06-24,0.0005,41346940.66833187,13140509.01771,3.0,3.0,1.0,3.0,2.333333333333333,0.0,10.333333333333334,0.0,7.0,2.333333333333333,3.0,19.0,1649.4,UEFA,2026-05-26,20,1.6470588235294117,1.1764705882352942,0.3,0.5,2026-06-24,0.0115,33258138.06884764,1613672.00751,6.0,1.0,0.1666666666666666,5.0,2.25,0.0,13.0,0.0,9.0,1.5,4.0,-36.0,-194.44000000000005,-0.011,0.05882352941176472,0.47058823529411753,0.15000000000000002,8.0,4.583333333333333,0.0,0,0,2,1.0,0.5
7,C,Brazil,Morocco,2026-06-13 22:00:00+00:00,"MetLife Stadium, East Rutherford",Group,1,MetLife Stadium,East Rutherford,US,10,22,65,0,0,0,6.0,1761.16,CONMEBOL,2026-05-26,20,1.2352941176470589,0.7647058823529411,0.35,0.45,2026-06-24,0.0835,29305442.74096941,1786493.96642,8.0,4.0,0.5,7.4,1.2,0.0,12.6,0.0,18.0,1.6,5.0,8.0,1755.87,CAF,2026-05-26,20,2.7058823529411766,0.1764705882352941,0.75,0.25,2026-06-24,0.0185,39720852.29832447,740967.66185,4.0,2.0,0.5,1.7142857142857142,1.2857142857142858,0.1428571428571428,13.857142857142858,0.0,8.714285714285714,2.7142857142857144,7.0,2.0,5.290000000000191,0.065,-1.4705882352941178,0.588235294117647,-0.4,9.114285714285714,2.4857142857142858,0.1428571428571428,0,0,2,-1.0,-0.5
8,C,Haiti,Scotland,2026-06-14 01:00:00+00:00,"Gillette Stadium, Boston",Group,1,Gillette Stadium,Boston,US,20,20,68,0,0,0,83.0,,CONCACAF,2026-05-26,20,3.0,1.2352941176470589,0.6,0.25,2026-06-24,0.0005,31779575.26182009,13709853.22014,,,,4.944444444444444,2.0833333333333335,0.0,13.083333333333334,0.0,12.388888888888888,2.75,,43.0,1498.35,UEFA,2026-05-26,20,1.3529411764705883,1.4705882352941178,0.35,0.3,2026-06-24,0.0025,37311135.83223878,10505646.46833,2.0,2.0,1.0,5.373809523809523,1.278042328042328,0.022222222222222223,11.536772486772486,0.0,12.646296296296295,2.011904761904762,,-40.0,-1498.35,-0.002,1.6470588235294117,-0.23529411764705888,0.25,10.318253968253966,3.3613756613756616,0.022222222222222223,0,0,1,0.0,0.0
9,E,Germany,Curaçao,2026-06-14 17:00:00+00:00,"NRG Stadium, Houston",Group,1,NRG Stadium,Houston,US,15,30,76,1,0,0,10.0,1730.37,UEFA,2026-05-26,20,2.411764705882353,1.0,0.5,0.3,2026-06-25,0.0535,30174848.80670883,1418239.97434,2.0,2.0,1.0,8.333333333333334,1.0,0.0,8.666666666666666,0.0,22.33333333333333,4.0,3.0,82.0,,CONCACAF,2026-05-26,20,2.823529411764706,0.6470588235294118,0.6,0.35,2026-06-25,0.0005,40850659.08691622,14240722.27334,2.0,0.0,0.0,4.944444444444444,2.0833333333333335,0.0,13.083333333333334,0.0,12.388888888888888,2.75,,72.0,1730.37,0.053,-0.41176470588235325,0.3529411764705882,-0.09999999999999998,13.277777777777779,3.0833333333333335,0.0,0,0,1,-0.0,-0.0
10,F,Netherlands,Japan,2026-06-14 20:00:00+00:00,"AT&T Stadium, Dallas",Group,1,AT&T Stadium,Dallas,US,170,30,65,1,0,0,7.0,1757.87,UEFA,2026-05-26,20,2.7058823529411766,1.0588235294117647,0.4,0.5,2026-06-25,0.0395,32995145.71834189,1642415.1785,4.0,1.0,0.25,3.8,2.4,0.2,17.4,0.0,8.0,1.4,5.0,18.0,1660.43,AFC,2026-05-26,20,2.8823529411764706,0.5294117647058824,0.6,0.25,2026-06-25,0.0195,35569482.08445442,425784.75226,6.0,2.0,0.3333333333333333,4.75,1.5,0.0,14.5,0.0,10.5,2.25,4.0,11.0,97.43999999999983,0.02,-0.17647058823529393,0.5294117647058824,-0.19999999999999996,8.55,3.9,0.2,0,0,3,1.0,0.3333333333333333
11,E,Côte d'Ivoire,Ecuador,2026-06-14 23:00:00+00:00,"Lincoln Financial Field, Philadelphia",Group,1,Lincoln Financial Field,Philadelphia,US,10,24,67,0,0,0,34.0,1532.98,CAF,2026-05-26,20,2.0588235294117645,0.5294117647058824,0.6,0.25,2026-06-25,0.0045,48559372.013624445,4605612.19295,7.0,3.0,0.4285714285714285,4.636904761904762,1.8422619047619047,0.0357142857142857,13.630952380952381,0.0,9.866071428571429,2.095238095238095,,23.0,1594.78,CONMEBOL,2026-05-26,20,0.8823529411764706,0.3529411764705882,0.35,0.55,2026-06-25,0.0085,37995820.68405251,4979236.61761,1.0,0.0,0.0,3.6666666666666665,1.0,0.0,16.666666666666668,0.0,9.0,2.6666666666666665,3.0,-11.0,-61.799999999999955,-0.004000000000000001,1.176470588235294,0.17647058823529416,0.25,8.303571428571429,2.8422619047619047,0.0357142857142857,0,0,1,0.0,0.0
12,F,Sweden,Tunisia,2026-06-15 02:00:00+00:00,"Estadio BBVA, Monterrey",Group,1,Estadio BBVA,Monterrey,MX,538,33,55,0,0,0,38.0,1514.77,UEFA,2026-05-26,20,1.8823529411764703,1.3529411764705883,0.4,0.35,2026-06-25,0.0045,23043168.574553184,9492078.74545,2.0,1.0,0.5,5.373809523809523,1.278042328042328,0.022222222222222223,11.536772486772486,0.0,12.646296296296295,2.011904761904762,,44.0,1483.05,CAF,2026-05-26,20,1.7647058823529411,0.7058823529411765,0.5,0.35,2026-06-25,0.0005,31702402.87368602,13460036.95792,5.0,2.0,0.4,7.0,1.6666666666666667,0.0,13.333333333333334,0.0,9.666666666666666,2.333333333333333,3.0,6.0,31.720000000000027,0.004,0.11764705882352922,0.6470588235294118,-0.09999999999999998,12.373809523809523,2.9447089947089946,0.022222222222222223,1,0,1,0.0,0.0
13,H,Spain,Cape Verde,2026-06-15 16:00:00+00:00,"Mercedes-Benz Stadium, Atlanta",Group,1,Mercedes-Benz Stadium,Atlanta,US,320,27,70,1,0,0,2.0,1876.4,UEFA,2026-05-26,20,2.823529411764706,1.0588235294117647,0.6,0.4,2026-06-26,0.1615,31723930.77533361,1426469.02021,9.0,5.0,0.5555555555555556,5.25,0.5,0.0,10.25,0.0,12.75,2.75,4.0,69.0,1366.13,CAF,2026-05-26,20,1.1764705882352942,1.0,0.4,0.35,2026-06-26,0.0005,39611324.03716404,13417436.10609,5.0,2.0,0.4,4.636904761904762,1.8422619047619047,0.0357142857142857,13.630952380952381,0.0,9.866071428571429,2.095238095238095,,67.0,510.27,0.161,1.647058823529412,0.05882352941176472,0.19999999999999996,9.886904761904763,2.3422619047619047,0.0357142857142857,0,0,1,-0.0,-0.0
14,G,Belgium,Egypt,2026-06-15 19:00:00+00:00,"Lumen Field, Seattle",Group,1,Lumen Field,Seattle,US,10,17,73,0,0,0,9.0,1734.71,UEFA,2026-05-26,20,2.294117647058824,1.1764705882352942,0.35,0.35,2026-06-26,0.0215,34179629.270957425,2277485.35007,,,,5.666666666666667,1.6666666666666667,0.0,10.0,0.0,11.333333333333334,1.0,3.0,29.0,1563.24,CAF,2026-05-26,20,1.3529411764705883,0.4117647058823529,0.55,0.4,2026-06-26,0.0015,42674055.874586254,8067804.86314,11.0,6.0,0.5454545454545454,4.636904761904762,1.8422619047619047,0.0357142857142857,13.630952380952381,0.0,9.866071428571429,2.095238095238095,,20.0,171.47000000000003,0.019999999999999997,0.9411764705882355,0.7647058823529412,-0.20000000000000007,10.303571428571429,3.508928571428571,0.0357142857142857,0,0,3,2.0,0.6666666666666666
15,H,Saudi Arabia,Uruguay,2026-06-15 22:00:00+00:00,"Hard Rock Stadium, Miami",Group,1,Hard Rock Stadium,Miami,US,2,30,78,1,0,0,61.0,1421.43,AFC,2026-05-26,20,1.0,0.8235294117647058,0.3,0.5,2026-06-26,0.0005,44640025.29288373,11147788.97531,1.0,0.0,0.0,2.6666666666666665,4.666666666666667,0.0,18.666666666666668,0.0,9.666666666666666,1.0,3.0,17.0,1673.07,CONMEBOL,2026-05-26,20,1.0,0.5882352941176471,0.25,0.55,2026-06-26,0.0105,32932599.48175602,8620678.34142,10.0,5.0,0.5,2.6666666666666665,2.6666666666666665,0.0,11.333333333333334,0.0,10.666666666666666,1.0,3.0,-44.0,-251.63999999999987,-0.01,0.0,0.23529411764705876,0.04999999999999999,5.333333333333333,7.333333333333334,0.0,0,0,3,-1.0,-0.3333333333333333
16,G,Iran,New Zealand,2026-06-16 01:00:00+00:00,"SoFi Stadium, Los Angeles",Group,1,SoFi Stadium,Los Angeles,US,60,22,70,1,0,0,21.0,1615.3,AFC,2026-05-26,20,2.0,0.8823529411764706,0.55,0.35,2026-06-26,0.0015,39503836.103790015,8960232.49874,5.0,2.0,0.4,2.6666666666666665,2.333333333333333,0.0,12.333333333333334,0.0,11.666666666666666,2.0,3.0,85.0,,OFC,2026-05-26,20,3.294117647058824,0.8235294117647058,0.55,0.25,2026-06-26,0.0005,45102166.8126452,14096100.43673,2.0,1.0,0.5,4.697435897435898,1.7829670329670328,0.013186813186813185,12.79130036630037,0.0,11.55018315018315,2.033608058608059,,64.0,1615.3,0.001,-1.2941176470588238,0.05882352941176472,0.0,7.364102564102565,4.116300366300366,0.013186813186813185,0,0,1,0.0,0.0
17,J,Austria,Jordan,2026-06-16 04:00:00+00:00,"Levi's Stadium, Santa Clara",Group,1,Levi's Stadium,Santa Clara,US,10,17,75,0,0,0,24.0,1593.45,UEFA,2026-05-26,20,2.235294117647059,0.8235294117647058,0.45,0.35,2026-06-27,0.0045,36359537.2960574,5243378.14557,2.0,0.0,0.0,5.373809523809523,1.278042328042328,0.022222222222222223,11.536772486772486,0.0,12.646296296296295,2.011904761904762,,63.0,1391.45,AFC,2026-05-26,20,2.0588235294117645,0.7058823529411765,0.5,0.35,2026-06-27,0.0005,30733001.65188277,14446158.5405,1.0,0.0,0.0,3.513888888888889,2.347222222222222,0.0,13.347222222222221,0.0,9.555555555555555,1.597222222222222,,39.0,202.0,0.004,0.17647058823529438,0.11764705882352933,-0.04999999999999999,8.887698412698413,3.62526455026455,0.022222222222222223,0,0,1,0.0,0.0
18,I,France,Senegal,2026-06-16 19:00:00+00:00,"MetLife Stadium, East Rutherford",Group,1,MetLife Stadium,East Rutherford,US,10,22,65,0,0,0,1.0,1877.32,UEFA,2026-05-26,20,2.176470588235294,1.1176470588235294,0.55,0.25,2026-06-26,0.1615,39161961.24441018,1385420.85569,4.0,1.0,0.25,5.428571428571429,1.1428571428571428,0.0,9.857142857142858,0.0,14.428571428571429,2.2857142857142856,7.0,14.0,1688.99,CAF,2026-05-26,20,2.117647058823529,0.4117647058823529,0.7,0.25,2026-06-26,0.0065,32223457.44496097,5698557.28108,8.0,5.0,0.625,5.5,1.75,0.0,12.0,0.0,12.75,2.0,4.0,13.0,188.32999999999993,0.155,0.05882352941176494,0.7058823529411765,-0.1499999999999999,10.928571428571429,2.892857142857143,0.0,0,0,1,0.0,0.0
19,I,Iraq,Norway,2026-06-16 22:00:00+00:00,"Gillette Stadium, Boston",Group,1,Gillette Stadium,Boston,US,20,20,68,0,0,0,57.0,1447.14,AFC,2026-05-26,20,1.1764705882352942,0.7647058823529411,0.45,0.4,2026-06-26,0.0005,28447950.402710937,14254860.55221,7.0,5.0,0.7142857142857143,3.513888888888889,2.347222222222222,0.0,13.347222222222221,0.0,9.555555555555555,1.597222222222222,,31.0,1550.94,UEFA,2026-05-26,20,3.4705882352941178,0.9411764705882352,0.65,0.25,2026-06-26,0.0255,33490744.129736368,1835688.80379,,,,5.373809523809523,1.278042328042328,0.022222222222222223,11.536772486772486,0.0,12.646296296296295,2.011904761904762,,-26.0,-103.79999999999995,-0.024999999999999998,-2.2941176470588234,-0.17647058823529405,-0.2,8.887698412698413,3.62526455026455,0.022222222222222223,0,0,1,0.0,0.0
20,J,Argentina,Algeria,2026-06-17 01:00:00+00:00,"GEHA Field at Arrowhead Stadium, Kansas City",Group,1,GEHA Field at Arrowhead Stadium,Kansas City,US,320,25,68,0,0,0,3.0,1874.81,CONMEBOL,2026-05-26,20,1.7647058823529411,0.5294117647058824,0.55,0.3,2026-06-27,0.0885,28292619.62418905,1846923.12593,12.0,7.0,0.5833333333333334,5.571428571428571,2.2857142857142856,0.0,14.285714285714286,0.0,14.857142857142858,3.2857142857142856,7.0,28.0,1564.26,CAF,2026-05-26,20,2.3529411764705883,0.5294117647058824,0.7,0.25,2026-06-27,0.0015,35949191.22521554,8728387.32813,3.0,2.0,0.6666666666666666,4.636904761904762,1.8422619047619047,0.0357142857142857,13.630952380952381,0.0,9.866071428571429,2.095238095238095,,25.0,310.54999999999995,0.087,-0.5882352941176472,0.0,-0.1499999999999999,10.208333333333332,4.12797619047619,0.0357142857142857,0,0,1,-0.0,-0.0
21,K,Portugal,DR Congo,2026-06-17 17:00:00+00:00,"NRG Stadium, Houston",Group,1,NRG Stadium,Houston,US,15,30,76,1,0,0,5.0,1763.83,UEFA,2026-05-26,20,2.4705882352941178,1.0588235294117647,0.5,0.4,2026-06-27,0.0995,33306867.88090346,788775.05605,7.0,4.0,0.5714285714285714,5.6,1.2,0.0,11.2,0.0,12.4,2.6,5.0,46.0,1478.35,CAF,2026-05-26,20,1.3529411764705883,0.5882352941176471,0.55,0.25,2026-06-27,0.0015,54011284.88740991,6820104.32112,5.0,3.0,0.6,4.636904761904762,1.8422619047619047,0.0357142857142857,13.630952380952381,0.0,9.866071428571429,2.095238095238095,,41.0,285.48,0.098,1.1176470588235294,0.47058823529411764,-0.050000000000000044,10.23690476190476,3.0422619047619044,0.0357142857142857,0,0,1,-0.0,-0.0
22,L,England,Croatia,2026-06-17 20:00:00+00:00,"AT&T Stadium, Dallas",Group,1,AT&T Stadium,Dallas,US,170,30,65,1,0,0,4.0,1825.97,UEFA,2026-05-26,20,2.4705882352941178,0.4117647058823529,0.7,0.2,2026-06-27,0.1095,27386388.022308894,2103416.3435,6.0,3.0,0.5,5.0,0.2,0.0,10.6,0.0,12.0,1.0,5.0,11.0,1717.07,UEFA,2026-05-26,20,2.176470588235294,0.8823529411764706,0.5,0.35,2026-06-27,0.0095,40702634.04557112,2403087.69576,9.0,5.0,0.5555555555555556,4.285714285714286,1.1428571428571428,0.0,12.857142857142858,0.0,11.571428571428571,1.5714285714285714,7.0,7.0,108.90000000000009,0.1,0.2941176470588238,-0.47058823529411764,0.19999999999999996,9.285714285714285,1.3428571428571427,0.0,0,0,5,1.0,0.2
23,L,Ghana,Panama,2026-06-17 23:00:00+00:00,"BMO Field, Toronto",Group,1,BMO Field,Toronto,CA,76,22,64,0,0,0,74.0,,CAF,2026-05-26,20,1.7647058823529411,1.0588235294117647,0.35,0.45,2026-06-27,0.0015,32740283.96944185,12591416.9179,5.0,1.0,0.2,4.333333333333333,2.6666666666666665,0.0,15.333333333333334,0.0,8.333333333333334,1.3333333333333333,3.0,33.0,1540.64,CONCACAF,2026-05-26,20,1.6470588235294117,1.1176470588235294,0.5,0.35,2026-06-27,0.0005,18564277.01575688,14275670.49442,7.0,5.0,0.7142857142857143,4.944444444444444,2.0833333333333335,0.0,13.083333333333334,0.0,12.388888888888888,2.75,,-41.0,-1540.64,0.001,0.11764705882352944,-0.05882352941176472,-0.15000000000000002,9.277777777777777,4.75,0.0,0,0,1,0.0,0.0
24,K,Uzbekistan,Colombia,2026-06-18 02:00:00+00:00,"Estadio Azteca, Mexico City",Group,1,Estadio Azteca,Mexico City,MX,2240,18,50,0,0,0,50.0,1465.34,AFC,2026-05-26,20,1.5294117647058822,0.6470588235294118,0.5,0.45,2026-06-27,0.0005,57176968.35841757,10638064.34183,4.0,2.0,0.5,3.513888888888889,2.347222222222222,0.0,13.347222222222221,0.0,9.555555555555555,1.597222222222222,,13.0,1693.09,CONMEBOL,2026-05-26,20,1.8823529411764703,1.0,0.35,0.4,2026-06-27,0.0195,33428380.544599988,4398851.04013,6.0,2.0,0.3333333333333333,4.826190476190476,1.788095238095238,0.0,13.721428571428572,0.0,13.130952380952381,2.138095238095238,,-37.0,-227.75,-0.019,-0.3529411764705881,-0.3529411764705882,0.15000000000000002,8.340079365079365,4.135317460317459,0.0,1,1,1,-0.0,-0.0
25,A,Czechia,South Africa,2026-06-18 16:00:00+00:00,"Mercedes-Benz Stadium, Atlanta",Group,1,Mercedes-Benz Stadium,Atlanta,US,320,27,70,1,0,0,41.0,1501.38,UEFA,2026-05-26,20,1.8823529411764703,1.2941176470588236,0.4,0.4,2026-06-24,0.0025,19057288.25287604,10595862.57047,2.0,2.0,1.0,5.373809523809523,1.278042328042328,0.022222222222222223,11.536772486772486,0.0,12.646296296296295,2.011904761904762,,60.0,1429.73,CAF,2026-05-26,20,2.0,0.9411764705882352,0.5,0.35,2026-06-24,0.0005,35711197.39789426,9990916.18941,21.0,9.0,0.4285714285714285,4.636904761904762,1.8422619047619047,0.0357142857142857,13.630952380952381,0.0,9.866071428571429,2.095238095238095,,19.0,71.65000000000009,0.002,-0.11764705882352966,0.3529411764705884,-0.09999999999999998,10.010714285714286,3.1203042328042327,0.057936507936507925,0,0,1,0.0,0.0
26,B,Switzerland,Bosnia and Herzegovina,2026-06-18 19:00:00+00:00,"SoFi Stadium, Los Angeles",Group,1,SoFi Stadium,Los Angeles,US,60,22,70,1,0,0,19.0,1649.4,UEFA,2026-05-26,20,1.6470588235294117,1.1764705882352942,0.3,0.5,2026-06-24,0.0115,33258138.06884764,1613672.00751,6.0,1.0,0.1666666666666666,5.0,2.25,0.0,13.0,0.0,9.0,1.5,4.0,65.0,1385.84,UEFA,2026-05-26,20,1.411764705882353,1.6470588235294117,0.25,0.45,2026-06-24,0.0015,20055178.855717912,13354014.37629,4.0,3.0,0.75,5.373809523809523,1.278042328042328,0.022222222222222223,11.536772486772486,0.0,12.646296296296295,2.011904761904762,,46.0,263.5600000000002,0.01,0.23529411764705865,-0.47058823529411753,0.04999999999999999,10.373809523809523,3.528042328042328,0.022222222222222223,0,0,2,-2.0,-1.0
27,B,Canada,Qatar,2026-06-18 22:00:00+00:00,"BC Place, Vancouver",Group,1,BC Place,Vancouver,CA,10,18,70,1,1,0,30.0,1556.48,CONCACAF,2026-05-26,20,1.411764705882353,1.0,0.45,0.3,2026-06-24,0.0035,36654790.66443499,10364880.7603,4.0,1.0,0.25,4.0,2.6666666666666665,0.0,11.0,0.0,11.666666666666666,2.6666666666666665,3.0,55.0,1454.96,AFC,2026-05-26,20,1.7058823529411764,1.6470588235294117,0.45,0.3,2026-06-24,0.0005,41346940.66833187,13140509.01771,3.0,3.0,1.0,3.0,2.333333333333333,0.0,10.333333333333334,0.0,7.0,2.333333333333333,3.0,25.0,101.51999999999998,0.003,-0.2941176470588234,-0.6470588235294117,0.0,7.0,5.0,0.0,0,0,2,2.0,1.0
28,A,Mexico,South Korea,2026-06-19 01:00:00+00:00,"Estadio Akron, Guadalajara",Group,1,Estadio Akron,Guadalajara,MX,1560,23,55,0,1,0,15.0,1681.03,CONCACAF,2026-05-26,20,1.2352941176470589,0.9411764705882352,0.45,0.25,2026-06-24,0.0155,38336318.94160245,1782182.26574,5.0,4.0,0.8,5.333333333333333,2.333333333333333,0.0,17.0,0.0,14.0,4.333333333333333,3.0,25.0,1588.66,AFC,2026-05-26,20,2.0588235294117645,0.7058823529411765,0.5,0.45,2026-06-24,0.0035,41829995.86414369,3812617.92502,5.0,3.0,0.6,6.0,1.5,0.0,11.25,0.0,12.25,1.75,4.0,10.0,92.36999999999989,0.012,-0.8235294117647056,0.23529411764705865,-0.04999999999999999,11.333333333333332,3.833333333333333,0.0,1,1,5,6.0,1.2
29,D,Türkiye,Paraguay,2026-06-19 04:00:00+00:00,"Levi's Stadium, Santa Clara",Group,1,Levi's Stadium,Santa Clara,US,10,17,75,0,0,0,22.0,1599.04,UEFA,2026-05-26,20,2.0588235294117645,1.2352941176470589,0.55,0.3,2026-06-25,0.0125,31892870.16670712,1461203.79813,1.0,1.0,1.0,5.373809523809523,1.278042328042328,0.022222222222222223,11.536772486772486,0.0,12.646296296296295,2.011904761904762,,40.0,1503.5,CONMEBOL,2026-05-26,20,0.9411764705882352,0.9411764705882352,0.3,0.45,2026-06-25,0.0025,31576769.992016632,10151251.38702,6.0,4.0,0.6666666666666666,4.826190476190476,1.788095238095238,0.0,13.721428571428572,0.0,13.130952380952381,2.138095238095238,,18.0,95.53999999999996,0.01,1.1176470588235294,0.2941176470588237,0.25000000000000006,10.2,3.066137566137566,0.022222222222222223,0,0,1,-0.0,-0.0
30,D,United States,Australia,2026-06-19 19:00:00+00:00,"Lumen Field, Seattle",Group,1,Lumen Field,Seattle,US,10,17,73,0,1,0,16.0,1673.13,CONCACAF,2026-05-26,20,1.9411764705882355,0.8823529411764706,0.55,0.15,2026-06-25,0.0115,48756936.61318914,6554576.44212,5.0,3.0,0.6,5.5,1.25,0.0,11.25,0.0,11.5,1.25,4.0,27.0,1580.67,AFC,2026-05-26,20,2.117647058823529,0.5882352941176471,0.5,0.4,2026-06-25,0.0015,42979038.5275678,13133641.93163,4.0,3.0,0.75,2.0,1.75,0.0,13.0,0.0,6.25,0.25,4.0,11.0,92.46000000000004,0.01,-0.1764705882352935,0.2941176470588235,0.050000000000000044,7.5,3.0,0.0,0,0,3,3.0,1.0
31,C,Scotland,Morocco,2026-06-19 22:00:00+00:00,"Gillette Stadium, Boston",Group,1,Gillette Stadium,Boston,US,20,20,68,0,0,0,43.0,1498.35,UEFA,2026-05-26,20,1.3529411764705883,1.4705882352941178,0.35,0.3,2026-06-24,0.0025,37311135.83223878,10505646.46833,2.0,2.0,1.0,5.373809523809523,1.278042328042328,0.022222222222222223,11.536772486772486,0.0,12.646296296296295,2.011904761904762,,8.0,1755.87,CAF,2026-05-26,20,2.7058823529411766,0.1764705882352941,0.75,0.25,2026-06-24,0.0185,39720852.29832447,740967.66185,4.0,2.0,0.5,1.7142857142857142,1.2857142857142858,0.1428571428571428,13.857142857142858,0.0,8.714285714285714,2.7142857142857144,7.0,-35.0,-257.52,-0.016,-1.3529411764705883,1.2941176470588236,-0.4,7.088095238095238,2.563756613756614,0.16507936507936502,0,0,1,-0.0,-0.0
32,C,Brazil,Haiti,2026-06-20 01:00:00+00:00,"Lincoln Financial Field, Philadelphia",Group,1,Lincoln Financial Field,Philadelphia,US,10,24,67,0,0,0,6.0,1761.16,CONMEBOL,2026-05-26,20,1.2352941176470589,0.7647058823529411,0.35,0.45,2026-06-24,0.0835,29305442.74096941,1786493.96642,8.0,4.0,0.5,7.4,1.2,0.0,12.6,0.0,18.0,1.6,5.0,83.0,,CONCACAF,2026-05-26,20,3.0,1.2352941176470589,0.6,0.25,2026-06-24,0.0005,31779575.26182009,13709853.22014,,,,4.944444444444444,2.0833333333333335,0.0,13.083333333333334,0.0,12.388888888888888,2.75,,77.0,1761.16,0.083,-1.7647058823529411,-0.47058823529411775,-0.25,12.344444444444445,3.283333333333333,0.0,0,0,2,6.0,3.0
33,F,Tunisia,Japan,2026-06-20 04:00:00+00:00,"Estadio BBVA, Monterrey",Group,1,Estadio BBVA,Monterrey,MX,538,33,55,0,0,0,44.0,1483.05,CAF,2026-05-26,20,1.7647058823529411,0.7058823529411765,0.5,0.35,2026-06-25,0.0005,31702402.87368602,13460036.95792,5.0,2.0,0.4,7.0,1.6666666666666667,0.0,13.333333333333334,0.0,9.666666666666666,2.333333333333333,3.0,18.0,1660.43,AFC,2026-05-26,20,2.8823529411764706,0.5294117647058824,0.6,0.25,2026-06-25,0.0195,35569482.08445442,425784.75226,6.0,2.0,0.3333333333333333,4.75,1.5,0.0,14.5,0.0,10.5,2.25,4.0,-26.0,-177.3800000000001,-0.019,-1.1176470588235294,0.17647058823529416,-0.09999999999999998,11.75,3.166666666666667,0.0,1,0,3,1.0,0.3333333333333333
34,F,Netherlands,Sweden,2026-06-20 17:00:00+00:00,"NRG Stadium, Houston",Group,1,NRG Stadium,Houston,US,15,30,76,1,0,0,7.0,1757.87,UEFA,2026-05-26,20,2.7058823529411766,1.0588235294117647,0.4,0.5,2026-06-25,0.0395,32995145.71834189,1642415.1785,4.0,1.0,0.25,3.8,2.4,0.2,17.4,0.0,8.0,1.4,5.0,38.0,1514.77,UEFA,2026-05-26,20,1.8823529411764703,1.3529411764705883,0.4,0.35,2026-06-25,0.0045,23043168.574553184,9492078.74545,2.0,1.0,0.5,5.373809523809523,1.278042328042328,0.022222222222222223,11.536772486772486,0.0,12.646296296296295,2.011904761904762,,31.0,243.0999999999999,0.035,0.8235294117647063,-0.2941176470588236,0.0,9.173809523809524,3.678042328042328,0.22222222222222224,0,0,5,4.0,0.8
35,E,Germany,Côte d'Ivoire,2026-06-20 20:00:00+00:00,"BMO Field, Toronto",Group,1,BMO Field,Toronto,CA,76,22,64,0,0,0,10.0,1730.37,UEFA,2026-05-26,20,2.411764705882353,1.0,0.5,0.3,2026-06-25,0.0535,30174848.80670883,1418239.97434,2.0,2.0,1.0,8.333333333333334,1.0,0.0,8.666666666666666,0.0,22.33333333333333,4.0,3.0,34.0,1532.98,CAF,2026-05-26,20,2.0588235294117645,0.5294117647058824,0.6,0.25,2026-06-25,0.0045,48559372.013624445,4605612.19295,7.0,3.0,0.4285714285714285,4.636904761904762,1.8422619047619047,0.0357142857142857,13.630952380952381,0.0,9.866071428571429,2.095238095238095,,24.0,197.38999999999987,0.049,0.3529411764705883,0.47058823529411764,-0.09999999999999998,12.970238095238095,2.8422619047619047,0.0357142857142857,0,0,1,-0.0,-0.0
36,E,Ecuador,Curaçao,2026-06-21 00:00:00+00:00,"GEHA Field at Arrowhead Stadium, Kansas City",Group,1,GEHA Field at Arrowhead Stadium,Kansas City,US,320,25,68,0,0,0,23.0,1594.78,CONMEBOL,2026-05-26,20,0.8823529411764706,0.3529411764705882,0.35,0.55,2026-06-25,0.0085,37995820.68405251,4979236.61761,1.0,0.0,0.0,3.6666666666666665,1.0,0.0,16.666666666666668,0.0,9.0,2.6666666666666665,3.0,82.0,,CONCACAF,2026-05-26,20,2.823529411764706,0.6470588235294118,0.6,0.35,2026-06-25,0.0005,40850659.08691622,14240722.27334,2.0,0.0,0.0,4.944444444444444,2.0833333333333335,0.0,13.083333333333334,0.0,12.388888888888888,2.75,,59.0,1594.78,0.008,-1.9411764705882355,-0.2941176470588236,-0.25,8.61111111111111,3.0833333333333335,0.0,0,0,1,-0.0,-0.0
37,H,Spain,Saudi Arabia,2026-06-21 16:00:00+00:00,"Mercedes-Benz Stadium, Atlanta",Group,1,Mercedes-Benz Stadium,Atlanta,US,320,27,70,1,0,0,2.0,1876.4,UEFA,2026-05-26,20,2.823529411764706,1.0588235294117647,0.6,0.4,2026-06-26,0.1615,31723930.77533361,1426469.02021,9.0,5.0,0.5555555555555556,5.25,0.5,0.0,10.25,0.0,12.75,2.75,4.0,61.0,1421.43,AFC,2026-05-26,20,1.0,0.8235294117647058,0.3,0.5,2026-06-26,0.0005,44640025.29288373,11147788.97531,1.0,0.0,0.0,2.6666666666666665,4.666666666666667,0.0,18.666666666666668,0.0,9.666666666666666,1.0,3.0,59.0,454.97,0.161,1.823529411764706,0.23529411764705888,0.3,7.916666666666666,5.166666666666667,0.0,0,0,3,6.0,2.0
38,G,Belgium,Iran,2026-06-21 19:00:00+00:00,"SoFi Stadium, Los Angeles",Group,1,SoFi Stadium,Los Angeles,US,60,22,70,1,0,0,9.0,1734.71,UEFA,2026-05-26,20,2.294117647058824,1.1764705882352942,0.35,0.35,2026-06-26,0.0215,34179629.270957425,2277485.35007,,,,5.666666666666667,1.6666666666666667,0.0,10.0,0.0,11.333333333333334,1.0,3.0,21.0,1615.3,AFC,2026-05-26,20,2.0,0.8823529411764706,0.55,0.35,2026-06-26,0.0015,39503836.103790015,8960232.49874,5.0,2.0,0.4,2.6666666666666665,2.333333333333333,0.0,12.333333333333334,0.0,11.666666666666666,2.0,3.0,12.0,119.41000000000008,0.019999999999999997,0.2941176470588238,0.2941176470588236,-0.20000000000000007,8.333333333333334,4.0,0.0,0,0,1,0.0,0.0
39,H,Uruguay,Cape Verde,2026-06-21 22:00:00+00:00,"Hard Rock Stadium, Miami",Group,1,Hard Rock Stadium,Miami,US,2,30,78,1,0,0,17.0,1673.07,CONMEBOL,2026-05-26,20,1.0,0.5882352941176471,0.25,0.55,2026-06-26,0.0105,32932599.48175602,8620678.34142,10.0,5.0,0.5,2.6666666666666665,2.6666666666666665,0.0,11.333333333333334,0.0,10.666666666666666,1.0,3.0,69.0,1366.13,CAF,2026-05-26,20,1.1764705882352942,1.0,0.4,0.35,2026-06-26,0.0005,39611324.03716404,13417436.10609,5.0,2.0,0.4,4.636904761904762,1.8422619047619047,0.0357142857142857,13.630952380952381,0.0,9.866071428571429,2.095238095238095,,52.0,306.9399999999998,0.01,-0.17647058823529416,-0.4117647058823529,-0.15000000000000002,7.303571428571429,4.508928571428571,0.0357142857142857,0,0,1,-0.0,-0.0
40,G,New Zealand,Egypt,2026-06-22 01:00:00+00:00,"BC Place, Vancouver",Group,1,BC Place,Vancouver,CA,10,18,70,1,0,0,85.0,,OFC,2026-05-26,20,3.294117647058824,0.8235294117647058,0.55,0.25,2026-06-26,0.0005,45102166.8126452,14096100.43673,2.0,1.0,0.5,4.697435897435898,1.7829670329670328,0.013186813186813185,12.79130036630037,0.0,11.55018315018315,2.033608058608059,,29.0,1563.24,CAF,2026-05-26,20,1.3529411764705883,0.4117647058823529,0.55,0.4,2026-06-26,0.0015,42674055.874586254,8067804.86314,11.0,6.0,0.5454545454545454,4.636904761904762,1.8422619047619047,0.0357142857142857,13.630952380952381,0.0,9.866071428571429,2.095238095238095,,-56.0,-1563.24,-0.001,1.9411764705882355,0.4117647058823529,0.0,9.33434065934066,3.6252289377289375,0.04890109890109888,0,0,2,-1.0,-0.5
41,J,Argentina,Austria,2026-06-22 17:00:00+00:00,"AT&T Stadium, Dallas",Group,1,AT&T Stadium,Dallas,US,170,30,65,1,0,0,3.0,1874.81,CONMEBOL,2026-05-26,20,1.7647058823529411,0.5294117647058824,0.55,0.3,2026-06-27,0.0885,28292619.62418905,1846923.12593,12.0,7.0,0.5833333333333334,5.571428571428571,2.2857142857142856,0.0,14.285714285714286,0.0,14.857142857142858,3.2857142857142856,7.0,24.0,1593.45,UEFA,2026-05-26,20,2.235294117647059,0.8235294117647058,0.45,0.35,2026-06-27,0.0045,36359537.2960574,5243378.14557,2.0,0.0,0.0,5.373809523809523,1.278042328042328,0.022222222222222223,11.536772486772486,0.0,12.646296296296295,2.011904761904762,,21.0,281.3599999999999,0.08399999999999999,-0.47058823529411775,-0.2941176470588235,0.10000000000000003,10.945238095238095,3.5637566137566137,0.022222222222222223,0,0,1,0.0,0.0
42,I,France,Iraq,2026-06-22 21:00:00+00:00,"Lincoln Financial Field, Philadelphia",Group,1,Lincoln Financial Field,Philadelphia,US,10,24,67,0,0,0,1.0,1877.32,UEFA,2026-05-26,20,2.176470588235294,1.1176470588235294,0.55,0.25,2026-06-26,0.1615,39161961.24441018,1385420.85569,4.0,1.0,0.25,5.428571428571429,1.1428571428571428,0.0,9.857142857142858,0.0,14.428571428571429,2.2857142857142856,7.0,57.0,1447.14,AFC,2026-05-26,20,1.1764705882352942,0.7647058823529411,0.45,0.4,2026-06-26,0.0005,28447950.402710937,14254860.55221,7.0,5.0,0.7142857142857143,3.513888888888889,2.347222222222222,0.0,13.347222222222221,0.0,9.555555555555555,1.597222222222222,,56.0,430.17999999999984,0.161,0.9999999999999998,0.3529411764705883,0.10000000000000003,8.942460317460318,3.4900793650793647,0.0,0,0,1,0.0,0.0
43,I,Norway,Senegal,2026-06-23 00:00:00+00:00,"MetLife Stadium, East Rutherford",Group,1,MetLife Stadium,East Rutherford,US,10,22,65,0,0,0,31.0,1550.94,UEFA,2026-05-26,20,3.4705882352941178,0.9411764705882352,0.65,0.25,2026-06-26,0.0255,33490744.129736368,1835688.80379,,,,5.373809523809523,1.278042328042328,0.022222222222222223,11.536772486772486,0.0,12.646296296296295,2.011904761904762,,14.0,1688.99,CAF,2026-05-26,20,2.117647058823529,0.4117647058823529,0.7,0.25,2026-06-26,0.0065,32223457.44496097,5698557.28108,8.0,5.0,0.625,5.5,1.75,0.0,12.0,0.0,12.75,2.0,4.0,-17.0,-138.04999999999995,0.019,1.3529411764705888,0.5294117647058822,-0.04999999999999993,10.873809523809523,3.028042328042328,0.022222222222222223,0,0,1,0.0,0.0
44,J,Jordan,Algeria,2026-06-23 03:00:00+00:00,"Levi's Stadium, Santa Clara",Group,1,Levi's Stadium,Santa Clara,US,10,17,75,0,0,0,63.0,1391.45,AFC,2026-05-26,20,2.0588235294117645,0.7058823529411765,0.5,0.35,2026-06-27,0.0005,30733001.65188277,14446158.5405,1.0,0.0,0.0,3.513888888888889,2.347222222222222,0.0,13.347222222222221,0.0,9.555555555555555,1.597222222222222,,28.0,1564.26,CAF,2026-05-26,20,2.3529411764705883,0.5294117647058824,0.7,0.25,2026-06-27,0.0015,35949191.22521554,8728387.32813,3.0,2.0,0.6666666666666666,4.636904761904762,1.8422619047619047,0.0357142857142857,13.630952380952381,0.0,9.866071428571429,2.095238095238095,,-35.0,-172.80999999999995,-0.001,-0.2941176470588238,0.17647058823529416,-0.19999999999999996,8.15079365079365,4.1894841269841265,0.0357142857142857,0,0,1,-0.0,-0.0
45,K,Portugal,Uzbekistan,2026-06-23 17:00:00+00:00,"NRG Stadium, Houston",Group,1,NRG Stadium,Houston,US,15,30,76,1,0,0,5.0,1763.83,UEFA,2026-05-26,20,2.4705882352941178,1.0588235294117647,0.5,0.4,2026-06-27,0.0995,33306867.88090346,788775.05605,7.0,4.0,0.5714285714285714,5.6,1.2,0.0,11.2,0.0,12.4,2.6,5.0,50.0,1465.34,AFC,2026-05-26,20,1.5294117647058822,0.6470588235294118,0.5,0.45,2026-06-27,0.0005,57176968.35841757,10638064.34183,4.0,2.0,0.5,3.513888888888889,2.347222222222222,0.0,13.347222222222221,0.0,9.555555555555555,1.597222222222222,,45.0,298.49,0.099,0.9411764705882355,0.4117647058823529,0.0,9.113888888888889,3.5472222222222216,0.0,0,0,1,0.0,0.0
46,L,England,Ghana,2026-06-23 20:00:00+00:00,"Gillette Stadium, Boston",Group,1,Gillette Stadium,Boston,US,20,20,68,0,0,0,4.0,1825.97,UEFA,2026-05-26,20,2.4705882352941178,0.4117647058823529,0.7,0.2,2026-06-27,0.1095,27386388.022308894,2103416.3435,6.0,3.0,0.5,5.0,0.2,0.0,10.6,0.0,12.0,1.0,5.0,74.0,,CAF,2026-05-26,20,1.7647058823529411,1.0588235294117647,0.35,0.45,2026-06-27,0.0015,32740283.96944185,12591416.9179,5.0,1.0,0.2,4.333333333333333,2.6666666666666665,0.0,15.333333333333334,0.0,8.333333333333334,1.3333333333333333,3.0,70.0,1825.97,0.108,0.7058823529411766,-0.6470588235294118,0.35,9.333333333333332,2.8666666666666667,0.0,0,0,2,0.0,0.0
47,L,Panama,Croatia,2026-06-23 23:00:00+00:00,"BMO Field, Toronto",Group,1,BMO Field,Toronto,CA,76,22,64,0,0,0,33.0,1540.64,CONCACAF,2026-05-26,20,1.6470588235294117,1.1176470588235294,0.5,0.35,2026-06-27,0.0005,18564277.01575688,14275670.49442,7.0,5.0,0.7142857142857143,4.944444444444444,2.0833333333333335,0.0,13.083333333333334,0.0,12.388888888888888,2.75,,11.0,1717.07,UEFA,2026-05-26,20,2.176470588235294,0.8823529411764706,0.5,0.35,2026-06-27,0.0095,40702634.04557112,2403087.69576,9.0,5.0,0.5555555555555556,4.285714285714286,1.1428571428571428,0.0,12.857142857142858,0.0,11.571428571428571,1.5714285714285714,7.0,-22.0,-176.42999999999984,-0.009,-0.5294117647058822,0.23529411764705888,0.0,9.23015873015873,3.2261904761904763,0.0,0,0,1,-0.0,-0.0
48,K,Colombia,DR Congo,2026-06-24 02:00:00+00:00,"Estadio Akron, Guadalajara",Group,1,Estadio Akron,Guadalajara,MX,1560,23,55,0,0,0,13.0,1693.09,CONMEBOL,2026-05-26,20,1.8823529411764703,1.0,0.35,0.4,2026-06-27,0.0195,33428380.544599988,4398851.04013,6.0,2.0,0.3333333333333333,4.826190476190476,1.788095238095238,0.0,13.721428571428572,0.0,13.130952380952381,2.138095238095238,,46.0,1478.35,CAF,2026-05-26,20,1.3529411764705883,0.5882352941176471,0.55,0.25,2026-06-27,0.0015,54011284.88740991,6820104.32112,5.0,3.0,0.6,4.636904761904762,1.8422619047619047,0.0357142857142857,13.630952380952381,0.0,9.866071428571429,2.095238095238095,,33.0,214.74,0.018,0.529411764705882,0.4117647058823529,-0.20000000000000007,9.463095238095239,3.6303571428571426,0.0357142857142857,1,1,1,0.0,0.0
49,B,Switzerland,Canada,2026-06-24 19:00:00+00:00,"BC Place, Vancouver",Group,1,BC Place,Vancouver,CA,10,18,70,1,0,1,19.0,1649.4,UEFA,2026-05-26,20,1.6470588235294117,1.1764705882352942,0.3,0.5,2026-06-24,0.0115,33258138.06884764,1613672.00751,6.0,1.0,0.1666666666666666,5.0,2.25,0.0,13.0,0.0,9.0,1.5,4.0,30.0,1556.48,CONCACAF,2026-05-26,20,1.411764705882353,1.0,0.45,0.3,2026-06-24,0.0035,36654790.66443499,10364880.7603,4.0,1.0,0.25,4.0,2.6666666666666665,0.0,11.0,0.0,11.666666666666666,2.6666666666666665,3.0,11.0,92.92000000000007,0.008,0.23529411764705865,0.17647058823529416,-0.15000000000000002,9.0,4.916666666666666,0.0,0,0,1,-0.0,-0.0
50,B,Bosnia and Herzegovina,Qatar,2026-06-24 19:00:00+00:00,"Lumen Field, Seattle",Group,1,Lumen Field,Seattle,US,10,17,73,0,0,0,65.0,1385.84,UEFA,2026-05-26,20,1.411764705882353,1.6470588235294117,0.25,0.45,2026-06-24,0.0015,20055178.855717912,13354014.37629,4.0,3.0,0.75,5.373809523809523,1.278042328042328,0.022222222222222223,11.536772486772486,0.0,12.646296296296295,2.011904761904762,,55.0,1454.96,AFC,2026-05-26,20,1.7058823529411764,1.6470588235294117,0.45,0.3,2026-06-24,0.0005,41346940.66833187,13140509.01771,3.0,3.0,1.0,3.0,2.333333333333333,0.0,10.333333333333334,0.0,7.0,2.333333333333333,3.0,-10.0,-69.12000000000012,0.001,-0.2941176470588234,0.0,-0.2,8.373809523809523,3.611375661375661,0.022222222222222223,0,0,2,0.0,0.0
51,C,Scotland,Brazil,2026-06-24 22:00:00+00:00,"Hard Rock Stadium, Miami",Group,1,Hard Rock Stadium,Miami,US,2,30,78,1,0,0,43.0,1498.35,UEFA,2026-05-26,20,1.3529411764705883,1.4705882352941178,0.35,0.3,2026-06-24,0.0025,37311135.83223878,10505646.46833,2.0,2.0,1.0,5.373809523809523,1.278042328042328,0.022222222222222223,11.536772486772486,0.0,12.646296296296295,2.011904761904762,,6.0,1761.16,CONMEBOL,2026-05-26,20,1.2352941176470589,0.7647058823529411,0.35,0.45,2026-06-24,0.0835,29305442.74096941,1786493.96642,8.0,4.0,0.5,7.4,1.2,0.0,12.6,0.0,18.0,1.6,5.0,-37.0,-262.8100000000002,-0.081,0.11764705882352944,0.7058823529411766,0.0,12.773809523809524,2.478042328042328,0.022222222222222223,0,0,2,-2.0,-1.0
52,C,Morocco,Haiti,2026-06-24 22:00:00+00:00,"Mercedes-Benz Stadium, Atlanta",Group,1,Mercedes-Benz Stadium,Atlanta,US,320,27,70,1,0,0,8.0,1755.87,CAF,2026-05-26,20,2.7058823529411766,0.1764705882352941,0.75,0.25,2026-06-24,0.0185,39720852.29832447,740967.66185,4.0,2.0,0.5,1.7142857142857142,1.2857142857142858,0.1428571428571428,13.857142857142858,0.0,8.714285714285714,2.7142857142857144,7.0,83.0,,CONCACAF,2026-05-26,20,3.0,1.2352941176470589,0.6,0.25,2026-06-24,0.0005,31779575.26182009,13709853.22014,,,,4.944444444444444,2.0833333333333335,0.0,13.083333333333334,0.0,12.388888888888888,2.75,,75.0,1755.87,0.018,-0.2941176470588234,-1.0588235294117647,0.15000000000000002,6.658730158730158,3.3690476190476195,0.1428571428571428,0,0,1,-0.0,-0.0
53,A,Czechia,Mexico,2026-06-25 01:00:00+00:00,"Estadio Azteca, Mexico City",Group,1,Estadio Azteca,Mexico City,MX,2240,18,50,0,0,1,41.0,1501.38,UEFA,2026-05-26,20,1.8823529411764703,1.2941176470588236,0.4,0.4,2026-06-24,0.0025,19057288.25287604,10595862.57047,2.0,2.0,1.0,5.373809523809523,1.278042328042328,0.022222222222222223,11.536772486772486,0.0,12.646296296296295,2.011904761904762,,15.0,1681.03,CONCACAF,2026-05-26,20,1.2352941176470589,0.9411764705882352,0.45,0.25,2026-06-24,0.0155,38336318.94160245,1782182.26574,5.0,4.0,0.8,5.333333333333333,2.333333333333333,0.0,17.0,0.0,14.0,4.333333333333333,3.0,-26.0,-179.64999999999986,-0.013,0.6470588235294115,0.3529411764705884,-0.04999999999999999,10.707142857142856,3.611375661375661,0.022222222222222223,1,1,1,0.0,0.0
54,A,South Africa,South Korea,2026-06-25 01:00:00+00:00,"Estadio BBVA, Monterrey",Group,1,Estadio BBVA,Monterrey,MX,538,33,55,0,0,0,60.0,1429.73,CAF,2026-05-26,20,2.0,0.9411764705882352,0.5,0.35,2026-06-24,0.0005,35711197.39789426,9990916.18941,21.0,9.0,0.4285714285714285,4.636904761904762,1.8422619047619047,0.0357142857142857,13.630952380952381,0.0,9.866071428571429,2.095238095238095,,25.0,1588.66,AFC,2026-05-26,20,2.0588235294117645,0.7058823529411765,0.5,0.45,2026-06-24,0.0035,41829995.86414369,3812617.92502,5.0,3.0,0.6,6.0,1.5,0.0,11.25,0.0,12.25,1.75,4.0,-35.0,-158.93000000000006,-0.003,-0.0588235294117645,0.23529411764705865,0.0,10.636904761904763,3.3422619047619047,0.0357142857142857,1,0,1,0.0,0.0
55,E,Curaçao,Côte d'Ivoire,2026-06-25 20:00:00+00:00,"Lincoln Financial Field, Philadelphia",Group,1,Lincoln Financial Field,Philadelphia,US,10,24,67,0,0,0,82.0,,CONCACAF,2026-05-26,20,2.823529411764706,0.6470588235294118,0.6,0.35,2026-06-25,0.0005,40850659.08691622,14240722.27334,2.0,0.0,0.0,4.944444444444444,2.0833333333333335,0.0,13.083333333333334,0.0,12.388888888888888,2.75,,34.0,1532.98,CAF,2026-05-26,20,2.0588235294117645,0.5294117647058824,0.6,0.25,2026-06-25,0.0045,48559372.013624445,4605612.19295,7.0,3.0,0.4285714285714285,4.636904761904762,1.8422619047619047,0.0357142857142857,13.630952380952381,0.0,9.866071428571429,2.095238095238095,,-48.0,-1532.98,-0.004,0.7647058823529416,0.11764705882352944,0.0,9.581349206349206,3.925595238095238,0.0357142857142857,0,0,1,0.0,0.0
56,E,Ecuador,Germany,2026-06-25 20:00:00+00:00,"MetLife Stadium, East Rutherford",Group,1,MetLife Stadium,East Rutherford,US,10,22,65,0,0,0,23.0,1594.78,CONMEBOL,2026-05-26,20,0.8823529411764706,0.3529411764705882,0.35,0.55,2026-06-25,0.0085,37995820.68405251,4979236.61761,1.0,0.0,0.0,3.6666666666666665,1.0,0.0,16.666666666666668,0.0,9.0,2.6666666666666665,3.0,10.0,1730.37,UEFA,2026-05-26,20,2.411764705882353,1.0,0.5,0.3,2026-06-25,0.0535,30174848.80670883,1418239.97434,2.0,2.0,1.0,8.333333333333334,1.0,0.0,8.666666666666666,0.0,22.33333333333333,4.0,3.0,-13.0,-135.58999999999992,-0.045,-1.5294117647058822,-0.6470588235294118,-0.15000000000000002,12.0,2.0,0.0,0,0,2,-2.0,-1.0
57,F,Japan,Sweden,2026-06-25 23:00:00+00:00,"AT&T Stadium, Dallas",Group,1,AT&T Stadium,Dallas,US,170,30,65,1,0,0,18.0,1660.43,AFC,2026-05-26,20,2.8823529411764706,0.5294117647058824,0.6,0.25,2026-06-25,0.0195,35569482.08445442,425784.75226,6.0,2.0,0.3333333333333333,4.75,1.5,0.0,14.5,0.0,10.5,2.25,4.0,38.0,1514.77,UEFA,2026-05-26,20,1.8823529411764703,1.3529411764705883,0.4,0.35,2026-06-25,0.0045,23043168.574553184,9492078.74545,2.0,1.0,0.5,5.373809523809523,1.278042328042328,0.022222222222222223,11.536772486772486,0.0,12.646296296296295,2.011904761904762,,20.0,145.66000000000008,0.015,1.0000000000000002,-0.823529411764706,0.19999999999999996,10.123809523809523,2.778042328042328,0.022222222222222223,0,0,1,0.0,0.0
58,F,Tunisia,Netherlands,2026-06-25 23:00:00+00:00,"GEHA Field at Arrowhead Stadium, Kansas City",Group,1,GEHA Field at Arrowhead Stadium,Kansas City,US,320,25,68,0,0,0,44.0,1483.05,CAF,2026-05-26,20,1.7647058823529411,0.7058823529411765,0.5,0.35,2026-06-25,0.0005,31702402.87368602,13460036.95792,5.0,2.0,0.4,7.0,1.6666666666666667,0.0,13.333333333333334,0.0,9.666666666666666,2.333333333333333,3.0,7.0,1757.87,UEFA,2026-05-26,20,2.7058823529411766,1.0588235294117647,0.4,0.5,2026-06-25,0.0395,32995145.71834189,1642415.1785,4.0,1.0,0.25,3.8,2.4,0.2,17.4,0.0,8.0,1.4,5.0,-37.0,-274.81999999999994,-0.039,-0.9411764705882355,-0.3529411764705882,0.09999999999999998,10.8,4.066666666666666,0.2,0,0,1,-0.0,-0.0
59,D,United States,Türkiye,2026-06-26 02:00:00+00:00,"SoFi Stadium, Los Angeles",Group,1,SoFi Stadium,Los Angeles,US,60,22,70,1,1,0,16.0,1673.13,CONCACAF,2026-05-26,20,1.9411764705882355,0.8823529411764706,0.55,0.15,2026-06-25,0.0115,48756936.61318914,6554576.44212,5.0,3.0,0.6,5.5,1.25,0.0,11.25,0.0,11.5,1.25,4.0,22.0,1599.04,UEFA,2026-05-26,20,2.0588235294117645,1.2352941176470589,0.55,0.3,2026-06-25,0.0125,31892870.16670712,1461203.79813,1.0,1.0,1.0,5.373809523809523,1.278042328042328,0.022222222222222223,11.536772486772486,0.0,12.646296296296295,2.011904761904762,,6.0,74.09000000000015,-0.0010000000000000009,-0.117647058823529,-0.3529411764705883,0.0,10.873809523809523,2.528042328042328,0.022222222222222223,0,0,4,1.0,0.25
60,D,Paraguay,Australia,2026-06-26 02:00:00+00:00,"Levi's Stadium, Santa Clara",Group,1,Levi's Stadium,Santa Clara,US,10,17,75,0,0,0,40.0,1503.5,CONMEBOL,2026-05-26,20,0.9411764705882352,0.9411764705882352,0.3,0.45,2026-06-25,0.0025,31576769.992016632,10151251.38702,6.0,4.0,0.6666666666666666,4.826190476190476,1.788095238095238,0.0,13.721428571428572,0.0,13.130952380952381,2.138095238095238,,27.0,1580.67,AFC,2026-05-26,20,2.117647058823529,0.5882352941176471,0.5,0.4,2026-06-25,0.0015,42979038.5275678,13133641.93163,4.0,3.0,0.75,2.0,1.75,0.0,13.0,0.0,6.25,0.25,4.0,-13.0,-77.17000000000007,0.001,-1.176470588235294,0.3529411764705881,-0.2,6.826190476190476,3.538095238095238,0.0,0,0,2,-1.0,-0.5
61,I,Norway,France,2026-06-26 19:00:00+00:00,"Gillette Stadium, Boston",Group,1,Gillette Stadium,Boston,US,20,20,68,0,0,0,31.0,1550.94,UEFA,2026-05-26,20,3.4705882352941178,0.9411764705882352,0.65,0.25,2026-06-26,0.0255,33490744.129736368,1835688.80379,,,,5.373809523809523,1.278042328042328,0.022222222222222223,11.536772486772486,0.0,12.646296296296295,2.011904761904762,,1.0,1877.32,UEFA,2026-05-26,20,2.176470588235294,1.1176470588235294,0.55,0.25,2026-06-26,0.1615,39161961.24441018,1385420.85569,4.0,1.0,0.25,5.428571428571429,1.1428571428571428,0.0,9.857142857142858,0.0,14.428571428571429,2.2857142857142856,7.0,-30.0,-326.3799999999999,-0.136,1.2941176470588238,-0.17647058823529427,0.09999999999999998,10.802380952380952,2.420899470899471,0.022222222222222223,0,0,3,-3.0,-1.0
62,I,Senegal,Iraq,2026-06-26 19:00:00+00:00,"BMO Field, Toronto",Group,1,BMO Field,Toronto,CA,76,22,64,0,0,0,14.0,1688.99,CAF,2026-05-26,20,2.117647058823529,0.4117647058823529,0.7,0.25,2026-06-26,0.0065,32223457.44496097,5698557.28108,8.0,5.0,0.625,5.5,1.75,0.0,12.0,0.0,12.75,2.0,4.0,57.0,1447.14,AFC,2026-05-26,20,1.1764705882352942,0.7647058823529411,0.45,0.4,2026-06-26,0.0005,28447950.402710937,14254860.55221,7.0,5.0,0.7142857142857143,3.513888888888889,2.347222222222222,0.0,13.347222222222221,0.0,9.555555555555555,1.597222222222222,,43.0,241.8499999999999,0.006,0.9411764705882348,-0.3529411764705882,0.24999999999999994,9.01388888888889,4.097222222222221,0.0,0,0,1,-0.0,-0.0
63,H,Cape Verde,Saudi Arabia,2026-06-27 00:00:00+00:00,"NRG Stadium, Houston",Group,1,NRG Stadium,Houston,US,15,30,76,1,0,0,69.0,1366.13,CAF,2026-05-26,20,1.1764705882352942,1.0,0.4,0.35,2026-06-26,0.0005,39611324.03716404,13417436.10609,5.0,2.0,0.4,4.636904761904762,1.8422619047619047,0.0357142857142857,13.630952380952381,0.0,9.866071428571429,2.095238095238095,,61.0,1421.43,AFC,2026-05-26,20,1.0,0.8235294117647058,0.3,0.5,2026-06-26,0.0005,44640025.29288373,11147788.97531,1.0,0.0,0.0,2.6666666666666665,4.666666666666667,0.0,18.666666666666668,0.0,9.666666666666666,1.0,3.0,-8.0,-55.299999999999955,0.0,0.17647058823529416,0.17647058823529416,0.10000000000000003,7.303571428571429,6.508928571428571,0.0357142857142857,0,0,1,0.0,0.0
64,H,Uruguay,Spain,2026-06-27 00:00:00+00:00,"Estadio Akron, Guadalajara",Group,1,Estadio Akron,Guadalajara,MX,1560,23,55,0,0,0,17.0,1673.07,CONMEBOL,2026-05-26,20,1.0,0.5882352941176471,0.25,0.55,2026-06-26,0.0105,32932599.48175602,8620678.34142,10.0,5.0,0.5,2.6666666666666665,2.6666666666666665,0.0,11.333333333333334,0.0,10.666666666666666,1.0,3.0,2.0,1876.4,UEFA,2026-05-26,20,2.823529411764706,1.0588235294117647,0.6,0.4,2026-06-26,0.1615,31723930.77533361,1426469.02021,9.0,5.0,0.5555555555555556,5.25,0.5,0.0,10.25,0.0,12.75,2.75,4.0,-15.0,-203.33000000000015,-0.151,-1.823529411764706,-0.47058823529411764,-0.35,7.916666666666666,3.1666666666666665,0.0,1,1,3,-3.0,-1.0
65,G,Egypt,Iran,2026-06-27 03:00:00+00:00,"Lumen Field, Seattle",Group,1,Lumen Field,Seattle,US,10,17,73,0,0,0,29.0,1563.24,CAF,2026-05-26,20,1.3529411764705883,0.4117647058823529,0.55,0.4,2026-06-26,0.0015,42674055.874586254,8067804.86314,11.0,6.0,0.5454545454545454,4.636904761904762,1.8422619047619047,0.0357142857142857,13.630952380952381,0.0,9.866071428571429,2.095238095238095,,21.0,1615.3,AFC,2026-05-26,20,2.0,0.8823529411764706,0.55,0.35,2026-06-26,0.0015,39503836.103790015,8960232.49874,5.0,2.0,0.4,2.6666666666666665,2.333333333333333,0.0,12.333333333333334,0.0,11.666666666666666,2.0,3.0,-8.0,-52.059999999999945,0.0,-0.6470588235294117,-0.47058823529411764,0.0,7.303571428571429,4.175595238095237,0.0357142857142857,0,0,1,0.0,0.0
66,G,New Zealand,Belgium,2026-06-27 03:00:00+00:00,"BC Place, Vancouver",Group,1,BC Place,Vancouver,CA,10,18,70,1,0,0,85.0,,OFC,2026-05-26,20,3.294117647058824,0.8235294117647058,0.55,0.25,2026-06-26,0.0005,45102166.8126452,14096100.43673,2.0,1.0,0.5,4.697435897435898,1.7829670329670328,0.013186813186813185,12.79130036630037,0.0,11.55018315018315,2.033608058608059,,9.0,1734.71,UEFA,2026-05-26,20,2.294117647058824,1.1764705882352942,0.35,0.35,2026-06-26,0.0215,34179629.270957425,2277485.35007,,,,5.666666666666667,1.6666666666666667,0.0,10.0,0.0,11.333333333333334,1.0,3.0,-76.0,-1734.71,-0.020999999999999998,1.0,-0.3529411764705883,0.20000000000000007,10.364102564102565,3.4496336996337,0.013186813186813185,0,0,1,-0.0,-0.0
67,L,Panama,England,2026-06-27 21:00:00+00:00,"MetLife Stadium, East Rutherford",Group,1,MetLife Stadium,East Rutherford,US,10,22,65,0,0,0,33.0,1540.64,CONCACAF,2026-05-26,20,1.6470588235294117,1.1176470588235294,0.5,0.35,2026-06-27,0.0005,18564277.01575688,14275670.49442,7.0,5.0,0.7142857142857143,4.944444444444444,2.0833333333333335,0.0,13.083333333333334,0.0,12.388888888888888,2.75,,4.0,1825.97,UEFA,2026-05-26,20,2.4705882352941178,0.4117647058823529,0.7,0.2,2026-06-27,0.1095,27386388.022308894,2103416.3435,6.0,3.0,0.5,5.0,0.2,0.0,10.6,0.0,12.0,1.0,5.0,-29.0,-285.3299999999999,-0.109,-0.8235294117647061,0.7058823529411765,-0.19999999999999996,9.944444444444443,2.2833333333333337,0.0,0,0,2,-5.0,-2.5
68,L,Croatia,Ghana,2026-06-27 21:00:00+00:00,"Lincoln Financial Field, Philadelphia",Group,1,Lincoln Financial Field,Philadelphia,US,10,24,67,0,0,0,11.0,1717.07,UEFA,2026-05-26,20,2.176470588235294,0.8823529411764706,0.5,0.35,2026-06-27,0.0095,40702634.04557112,2403087.69576,9.0,5.0,0.5555555555555556,4.285714285714286,1.1428571428571428,0.0,12.857142857142858,0.0,11.571428571428571,1.5714285714285714,7.0,74.0,,CAF,2026-05-26,20,1.7647058823529411,1.0588235294117647,0.35,0.45,2026-06-27,0.0015,32740283.96944185,12591416.9179,5.0,1.0,0.2,4.333333333333333,2.6666666666666665,0.0,15.333333333333334,0.0,8.333333333333334,1.3333333333333333,3.0,63.0,1717.07,0.008,0.4117647058823528,-0.17647058823529416,0.15000000000000002,8.619047619047619,3.8095238095238093,0.0,0,0,1,0.0,0.0
69,K,Colombia,Portugal,2026-06-27 23:30:00+00:00,"Hard Rock Stadium, Miami",Group,1,Hard Rock Stadium,Miami,US,2,30,78,1,0,0,13.0,1693.09,CONMEBOL,2026-05-26,20,1.8823529411764703,1.0,0.35,0.4,2026-06-27,0.0195,33428380.544599988,4398851.04013,6.0,2.0,0.3333333333333333,4.826190476190476,1.788095238095238,0.0,13.721428571428572,0.0,13.130952380952381,2.138095238095238,,5.0,1763.83,UEFA,2026-05-26,20,2.4705882352941178,1.0588235294117647,0.5,0.4,2026-06-27,0.0995,33306867.88090346,788775.05605,7.0,4.0,0.5714285714285714,5.6,1.2,0.0,11.2,0.0,12.4,2.6,5.0,-8.0,-70.74000000000001,-0.08,-0.5882352941176474,-0.05882352941176472,-0.15000000000000002,10.426190476190476,2.988095238095238,0.0,0,0,1,0.0,0.0
70,K,DR Congo,Uzbekistan,2026-06-27 23:30:00+00:00,"Mercedes-Benz Stadium, Atlanta",Group,1,Mercedes-Benz Stadium,Atlanta,US,320,27,70,1,0,0,46.0,1478.35,CAF,2026-05-26,20,1.3529411764705883,0.5882352941176471,0.55,0.25,2026-06-27,0.0015,54011284.88740991,6820104.32112,5.0,3.0,0.6,4.636904761904762,1.8422619047619047,0.0357142857142857,13.630952380952381,0.0,9.866071428571429,2.095238095238095,,50.0,1465.34,AFC,2026-05-26,20,1.5294117647058822,0.6470588235294118,0.5,0.45,2026-06-27,0.0005,57176968.35841757,10638064.34183,4.0,2.0,0.5,3.513888888888889,2.347222222222222,0.0,13.347222222222221,0.0,9.555555555555555,1.597222222222222,,4.0,13.009999999999991,0.001,-0.17647058823529393,-0.05882352941176472,0.050000000000000044,8.15079365079365,4.1894841269841265,0.0357142857142857,0,0,1,0.0,0.0
71,J,Algeria,Austria,2026-06-28 02:00:00+00:00,"GEHA Field at Arrowhead Stadium, Kansas City",Group,1,GEHA Field at Arrowhead Stadium,Kansas City,US,320,25,68,0,0,0,28.0,1564.26,CAF,2026-05-26,20,2.3529411764705883,0.5294117647058824,0.7,0.25,2026-06-27,0.0015,35949191.22521554,8728387.32813,3.0,2.0,0.6666666666666666,4.636904761904762,1.8422619047619047,0.0357142857142857,13.630952380952381,0.0,9.866071428571429,2.095238095238095,,24.0,1593.45,UEFA,2026-05-26,20,2.235294117647059,0.8235294117647058,0.45,0.35,2026-06-27,0.0045,36359537.2960574,5243378.14557,2.0,0.0,0.0,5.373809523809523,1.278042328042328,0.022222222222222223,11.536772486772486,0.0,12.646296296296295,2.011904761904762,,-4.0,-29.190000000000055,-0.0029999999999999996,0.11764705882352944,-0.2941176470588235,0.24999999999999994,10.010714285714286,3.1203042328042327,0.057936507936507925,0,0,1,0.0,0.0
72,J,Jordan,Argentina,2026-06-28 02:00:00+00:00,"AT&T Stadium, Dallas",Group,1,AT&T Stadium,Dallas,US,170,30,65,1,0,0,63.0,1391.45,AFC,2026-05-26,20,2.0588235294117645,0.7058823529411765,0.5,0.35,2026-06-27,0.0005,30733001.65188277,14446158.5405,1.0,0.0,0.0,3.513888888888889,2.347222222222222,0.0,13.347222222222221,0.0,9.555555555555555,1.597222222222222,,3.0,1874.81,CONMEBOL,2026-05-26,20,1.7647058823529411,0.5294117647058824,0.55,0.3,2026-06-27,0.0885,28292619.62418905,1846923.12593,12.0,7.0,0.5833333333333334,5.571428571428571,2.2857142857142856,0.0,14.285714285714286,0.0,14.857142857142858,3.2857142857142856,7.0,-60.0,-483.3599999999999,-0.088,0.2941176470588234,0.17647058823529416,-0.050000000000000044,9.08531746031746,4.632936507936508,0.0,0,0,1,-0.0,-0.0
